﻿<?xml version="1.0" encoding="utf-8" ?>
<Defs>

  <!-- Pirate -->

  <RulePackDef>
    <defName>NamerFactionGang</defName>
    <rulePack>
      <rulesStrings>
        <li>name->The [badassanimal]s</li>
        <li>name->The [badassanimal] Men</li>
        <li>name->The [badassanimal]s of [badassconcept]</li>
        <li>name->The [badassperson]s of [badassconcept]</li>
        <li>name->The [badassperson]z of [badassconcept]</li>
        <li>name->The [family]s of [badassconcept]</li>
        <li>name->The [badassperson]s</li>
        <li>name->The [badassperson]z</li>
        <li>name->The [weapon] Men</li>
        <li>name->The [weapon] Gang</li>
        <li>name->The [weapon]s</li>
        <li>name->The [weapon] [badassanimal]s</li>
        <li>name->The [badasscolor] [weapon]s</li>
        <li>name->The [badasscolor] [badassanimal]s</li>
        <li>name->The [badasscolor] [badassperson]s</li>
        <li>name->The [badassperson] [groupname]</li>
        <li>name->The [badassadjective] [groupname]</li>
        <li>name->The [badassadjective] [badassanimal]s</li>
        <li>name->The [badassadjective] [badassperson]s</li>
        <li>name->[weapon] [groupname]</li>
        <li>name->[badassconcept] [groupname]</li>
        <li>name->[badassconcept][groupname]</li>
      </rulesStrings>
      <rulesRaw>
        <li Class="Rule_File">
          <keyword>badassanimal</keyword>
          <path>Words/Nouns/Animals_Badass</path>
        </li>
        <li Class="Rule_File">
          <keyword>badassadjective</keyword>
          <path>Words/Adjectives/Badass</path>
        </li>
        <li Class="Rule_File">
          <keyword>badassperson</keyword>
          <path>Words/Nouns/People_Badass</path>
        </li>
        <li Class="Rule_File">
          <keyword>badassconcept</keyword>
          <path>Words/Nouns/Concepts_Badass</path>
        </li>
        <li Class="Rule_File">
          <keyword>groupname</keyword>
          <path>Words/Nouns/GroupNames</path>
        </li>
        <li Class="Rule_File">
          <keyword>badasscolor</keyword>
          <path>Words/Nouns/Colors_Badass</path>
        </li>
        <li Class="Rule_File">
          <keyword>family</keyword>
          <pathList>
            <li>Words/Nouns/People_Family</li>
          </pathList>
        </li>
      </rulesRaw>
    </rulePack>
  </RulePackDef>

  <RulePackDef>
    <defName>NamerFactionBaseGang</defName>
    <rulePack>
      <rulesStrings>
        <li>name->[badassanimal] [geography]</li>
        <li>name->[badassconcept] [geography]</li>
        <li>name->[badassanimal]'s [geography]</li>
        <li>name->[badassperson]'s [geography]</li>
        <li>geography->[terrainfeature]</li>
        <li>geography->[community]</li>
      </rulesStrings>
      <rulesRaw>
        <li Class="Rule_File">
          <keyword>community</keyword>
          <path>Words/Nouns/Communities</path>
        </li>
        <li Class="Rule_File">
          <keyword>badassanimal</keyword>
          <path>Words/Nouns/Animals_Badass</path>
        </li>
        <li Class="Rule_File">
          <keyword>badassadjective</keyword>
          <path>Words/Adjectives/Badass</path>
        </li>
        <li Class="Rule_File">
          <keyword>badassperson</keyword>
          <path>Words/Nouns/People_Badass</path>
        </li>
        <li Class="Rule_File">
          <keyword>badassconcept</keyword>
          <path>Words/Nouns/Concepts_Badass</path>
        </li>
        <li Class="Rule_File">
          <keyword>groupname</keyword>
          <path>Words/Nouns/GroupNames</path>
        </li>
        <li Class="Rule_File">
          <keyword>terrainfeature</keyword>
          <path>Words/Nouns/TerrainFeaturesCP</path>
        </li>
        <li Class="Rule_File">
          <keyword>badasscolor</keyword>
          <path>Words/Nouns/Colors_Badass</path>
        </li>
        <li Class="Rule_File">
          <keyword>materials</keyword>
          <path>Words/Nouns/Materials</path>
        </li>
      </rulesRaw>
    </rulePack>
  </RulePackDef>

  <!-- Outlander -->

  <RulePackDef>
    <defName>NamerFactionCorp</defName>
    <rulePack>
      <rulesStrings>
        <li>name->[subname]</li>
        <li>name->[subname]</li>
        <li>name->[subname]</li>
        <li>name->[subname] [politicalunion]</li>
        <li>name->[subname] [politicaladjective] [politicalunion]</li>
        <li>name->[politicalunion] of [subname]</li>
        <li>name->[politicaladjective] [politicalunion] of [subname]</li>
        <li>subname->[wordname]</li>
        <li>subname->[wordname]</li>
        <li>subname->[wordname]</li>
        <li>subname->[direction] [wordname]</li>
        <li>wordname->[syl][endsyl]</li>
				<li>wordname->[syl][endsyl]</li>
				<li>wordname->[syl][endsyl]</li>
				<li>wordname->[syl][syl][endsyl]</li>
				<li>wordname->[syl][syl][endsyl]</li>
				<li>wordname->[syl][syl][syl][endsyl]</li>
      </rulesStrings>
      <rulesRaw>
        <li Class="Rule_File">
          <keyword>syl</keyword>
          <path>WordParts/Syllables_English</path>
        </li>
        <li Class="Rule_File">
          <keyword>endsyl</keyword>
          <path>WordParts/PlaceEndings</path>
        </li>
        <li Class="Rule_File">
          <keyword>direction</keyword>
          <path>Words/Adjectives/CompassDirections</path>
        </li>
        <li Class="Rule_File">
          <keyword>politicalunion</keyword>
          <path>Words/Nouns/PoliticalUnions_Outlander</path>
        </li>
        <li Class="Rule_File">
          <keyword>politicaladjective</keyword>
          <path>Words/Adjectives/PoliticalUnions</path>
        </li>
      </rulesRaw>
    </rulePack>
  </RulePackDef>

  <RulePackDef>
    <defName>NamerFactionBaseCorp</defName>
    <rulePack>
      <rulesStrings>
        <li>name->[positiveconcept] [terrainfeatureCP] [communityCorp]</li>
        <li>name->[corp] [terrainfeatureCP] [communityCorp]</li>
        <li>name->[corp] [communityCorp]</li>
        <li>name->[badasscolor] [materials]</li>
        <li>name->[nearname]</li>
        <li>name->[badasscolor] [wordname] [communityCorp]</li>
        <li>name->[wordname] [communityCorp]</li>
        <li>name->[badasscolor] [terrainfeatureCP]</li>
        <li>name->[materials] [terrainfeatureCP]</li>
        <li>name->[wordname] [terrainfeatureCP]</li>
        <li>nearname->The [badasscolor] [terrainfeatureCP]</li>
        <li>nearname->The [terrainfeatureCP]</li>
        <li>nearname->[wordname] [corp] [communityCorp]</li>
        <li>nearname->[wordname] [terrainfeatureCP] [communityCorp]</li>
        <li>nearname->[campnames]</li>
        <li>campnames->Fort [materials] [terrainfeatureCP]</li>
        <li>campnames->Fort [wordname] [terrainfeatureCP]</li>
        <li>campnames->Fort [wordname]</li>
        <li>campnames->Camp [materials] [terrainfeatureCP]</li>
        <li>campnames->Camp [wordname] [terrainfeatureCP]</li>
        <li>campnames->Camp [wordname]</li>
        <li>wordname->[weapon][syl]</li>
        <li>wordname->[syl][syl]</li>
        <li>wordname->[syl][townend]</li>
        <li>wordname->[syl][syl][townend]</li>
        <li>wordname->[animal][townend]</li>
        <li>wordname->[terrainfeatureCP][townend]</li>
        <li>wordname->[materials][townend]</li>
        <li>townend->ville</li>
        <li>townend->crest</li>
        <li>townend->hurst</li>
        <li>townend->bourne</li>
        <li>townend->brad</li>
        <li>townend->dale</li>
        <li>townend->hope</li>
        <li>townend->port</li>
        <li>townend->ford</li>
        <li>townend->ing</li>
        <li>townend->ness</li>
        <li>townend->mere</li>
        <li>townend->shaw</li>
        <li>townend->wick</li>
      </rulesStrings>
      <rulesRaw>
        <li Class="Rule_File">
          <keyword>positiveconcept</keyword>
          <path>Words/Nouns/Concepts_Positive</path>
        </li>
        <li Class="Rule_File">
          <keyword>communityCorp</keyword>
          <path>Words/Nouns/CommunitiesCorp</path>
        </li>
        <li Class="Rule_File">
          <keyword>terrainfeatureCP</keyword>
          <path>Words/Nouns/TerrainFeaturesCP</path>
        </li>
        <li Class="Rule_File">
          <keyword>corp</keyword>
          <pathList>
            <li>Words/Nouns/People_Corp</li>
            <li>Words/Nouns/People_Family</li>
          </pathList>
        </li>
        <li Class="Rule_File">
          <keyword>syl</keyword>
          <path>WordParts/Syllables_English</path>
        </li>
        <li Class="Rule_File">
          <keyword>materials</keyword>
          <path>Words/Nouns/Materials</path>
        </li>
      </rulesRaw>
    </rulePack>
  </RulePackDef>

  <!-- Tribe -->

  <RulePackDef>
    <defName>NamerFactionNomad</defName>
    <rulePack>
      <rulesStrings>
        <li>name->[tribalworld] [politicalunion]</li>
        <li>name->The [tribalworld] [politicalunion]</li>
        <li>name->The [color] [terrainfeature] [politicalunion]</li>
        <li>name->[family] of [tribalword]</li>
        <li>name->[politicalunion] of [tribalword]</li>
        <li>name->The [color] [animal] [tribalword]</li>
        <li>name->The [tribalword] of the [terrainfeature]</li>
        <li>tribalword->[tribalwordfile]</li>
        <li>tribalword->[syl][syl]</li>
				<li>tribalword->[syl][syl]</li>
				<li>tribalword->[syl][syl]</li>
				<li>tribalword->[syl][syl][syl]</li>
				<li>tribalword->[syl][syl][syl]</li>
				<li>tribalword->[syl][syl][syl][syl]</li>
			</rulesStrings>
      <rulesRaw>
        <li Class="Rule_File">
          <keyword>tribalwordfile</keyword>
          <path>Words/Foreign/Tribal</path>
        </li>
        <li Class="Rule_File">
          <keyword>syl</keyword>
          <path>WordParts/Syllables_Tribal</path>
        </li>
        <li Class="Rule_File">
          <keyword>politicalunion</keyword>
          <path>Words/Nouns/PoliticalUnions_Nomad</path>
        </li>
        <li Class="Rule_File">
          <keyword>family</keyword>
          <pathList>
            <li>Words/Nouns/People_Family</li>
          </pathList>
        </li>
      </rulesRaw>
    </rulePack>
  </RulePackDef>

  <RulePackDef>
    <defName>NamerFactionBaseNomad</defName>
    <rulePack>
      <rulesStrings>
        <li>name->[tribalword]</li>
        <li>name->[tribalword]</li>
        <li>name->[color] [tribalword]</li>
        <li>name->[tf]</li>
        <li>name->[materials] [terrainfeature]</li>
        <li>name->[color] [terrainfeature]</li>
        <li>name->[tribalword] [terrainfeature]</li>
        <li>tf->The [terrainfeature]</li>
        <li>tf->The [materials] [terrainfeature]</li>
        <li>tf->The [color] [terrainfeature]</li>
        <li>tf->The [tribalword] [terrainfeature]</li>
        <li>tribalword->[tribalwordfile]</li>
        <li>tribalword->[syl][syl]</li>
        <li>tribalword->[syl][syl][syl]</li>
      </rulesStrings>
      <rulesRaw>
        <li Class="Rule_File">
          <keyword>tribalwordfile</keyword>
          <path>Words/Foreign/Tribal</path>
        </li>
        <li Class="Rule_File">
          <keyword>terrainfeature</keyword>
          <path>Words/Nouns/TerrainFeaturesCP</path>
        </li>
        <li Class="Rule_File">
          <keyword>syl</keyword>
          <path>WordParts/Syllables_Tribal</path>
        </li>
        <li Class="Rule_File">
          <keyword>materials</keyword>
          <path>Words/Nouns/Materials</path>
        </li>
      </rulesRaw>
    </rulePack>
  </RulePackDef>

  <!-- Special -->

  <RulePackDef>
    <defName>NamerFactionMilitech</defName>
    <rulePack>
      <rulesStrings>
        <li>name->Militech Corp</li>
        <li>name->Militech Military Contracting</li>
        <li>name->Militech Technologies</li>
        <li>name->Militech Interplanetary</li>
        <li>name->Militech Security</li>
        <li>name->Militech Heavy Industries</li>
        <li>name->Militech Interplanetary Shipping</li>
        <li>name->Militech Interplanetary Construction</li>
        <li>name->Militech Cybernetics</li>
        <li>name->Militech Aerospace</li>
      </rulesStrings>
    </rulePack>
  </RulePackDef>

  <RulePackDef>
    <defName>NamerFactionArasaka</defName>
    <rulePack>
      <rulesStrings>
        <li>name->Arasaka Corp</li>
        <li>name->Arasaka Security</li>
        <li>name->Arasaka Manufacturing</li>
        <li>name->Arasaka Interplanetary</li>
        <li>name->Arasaka Police Services</li>
        <li>name->Arasaka Chemical</li>
        <li>name->Sato Commercial Shipping</li>
        <li>name->Barrett-Arasaka Engineering</li>
        <li>name->Nagoya Transportation</li>
        <li>name->Korusu Commercial Spacecraft</li>
        <li>name->Lubcheck Structural Materials</li>
        <li>name->Scandia Aerospace</li>
      </rulesStrings>
    </rulePack>
  </RulePackDef>

  <RulePackDef>
    <defName>NamerFactionLazarus</defName>
    <rulePack>
      <rulesStrings>
        <li>name->Lazarus Military Group</li>
      </rulesStrings>
    </rulePack>
  </RulePackDef>

  <RulePackDef>
    <defName>NamerFactionIEC</defName>
    <rulePack>
      <rulesStrings>
        <li>name->IEC</li>
        <li>name->IEC Shipping</li>
        <li>name->IEC Raw Materials</li>
        <li>name->IEC Military Technologies</li>
        <li>name->IEC Space Technologies</li>
        <li>name->IEC Power Systems</li>
        <li>name->IEC Consumer Products</li>
        <li>name->IEC Distributing</li>
        <li>name->IEC Aerospace Engineering</li>
        <li>name->Darian Construction</li>
        <li>name->Molecular Mechanics</li>
      </rulesStrings>
    </rulePack>
  </RulePackDef>

  <RulePackDef>
    <defName>NamerFactionAB</defName>
    <rulePack>
      <rulesStrings>
        <li>name->Autumn Blade</li>
      </rulesStrings>
    </rulePack>
  </RulePackDef>

  <RulePackDef>
    <defName>NamerFactionSO</defName>
    <rulePack>
      <rulesStrings>
        <li>name->Sovoil</li>
        <li>name->SMKP Oil</li>
        <li>name->Sovoil</li>
        <li>name->Sovoil</li>
        <li>name->Sovoil</li>
        <li>name->Sovoil</li>
      </rulesStrings>
    </rulePack>
  </RulePackDef>

  <RulePackDef>
    <defName>NamerFactionPC</defName>
    <rulePack>
      <rulesStrings>
        <li>name->Petrochem</li>
        <li>name->Petrochem Petroleum</li>
        <li>name->Petrochem Advanced Fuel</li>
        <li>name->Petrochem Chemical Industries</li>
        <li>name->Petrochem Armed Forces</li>
        <li>name->Petrochem Shipping</li>
        <li>name->Petrochem Refining</li>
        <li>name->Petrochem Farms</li>
        <li>name->Petrochem Adv Fuel Refining</li>
        <li>name->Petrochem Weapons</li>
        <li>name->Xoma Pharmaceuticals</li>
        <li>name->RimFarms Agricorp</li>
        <li>name->Good Rim Foods</li>
        <li>name->International Hydro-Technologies</li>
        <li>name->Loomis Advanced Electronic Research</li>
        <li>name->Hydro-Chem</li>
        <li>name->Goman Pharmaceuticals</li>
        <li>name->Nanosystems Inc</li>
        <li>name->RimWorld Engineering and Construction</li>
      </rulesStrings>
    </rulePack>
  </RulePackDef>

</Defs>