﻿<?xml version="1.0" encoding="utf-8" ?>
<Defs>

  <PawnKindDef ParentName="Staff">
    <defaultFactionType>Arasaka</defaultFactionType>
    <defName>StaffA</defName>
    <apparelTags>
      <li>Arasaka</li>
    </apparelTags>
    <weaponTags>
      <li>Arasaka</li>
    </weaponTags>
  </PawnKindDef>

  <PawnKindDef ParentName="Executive">
    <defaultFactionType>Arasaka</defaultFactionType>
    <defName>ExecutiveA</defName>
    <weaponTags>
      <li>Arasaka</li>
    </weaponTags>
    <inventoryOptions>
      <skipChance>0.75</skipChance>
      <subOptionsChooseOne>
        <li>
          <choiceChance>100</choiceChance>
          <thingDef>Gun_AWSA_CP</thingDef>
          <countRange>
            <min>1</min>
            <max>1</max>
          </countRange>
        </li>
      </subOptionsChooseOne>
    </inventoryOptions>
  </PawnKindDef>

  <PawnKindDef ParentName="CorpTrader">
    <defaultFactionType>Arasaka</defaultFactionType>
    <defName>CorpTraderA</defName>
    <apparelTags>
      <li>Arasaka</li>
    </apparelTags>
    <weaponTags>
      <li>Arasaka</li>
    </weaponTags>
    <inventoryOptions>
      <skipChance>0.75</skipChance>
      <subOptionsChooseOne>
        <li>
          <choiceChance>100</choiceChance>
          <thingDef>Gun_AWSA_CP</thingDef>
          <countRange>
            <min>1</min>
            <max>1</max>
          </countRange>
        </li>
      </subOptionsChooseOne>
    </inventoryOptions>
  </PawnKindDef>

  <PawnKindDef ParentName="CorpGuard">
    <defaultFactionType>Arasaka</defaultFactionType>
    <defName>CorpGuardA</defName>
    <apparelTags>
      <li>Arasaka</li>
    </apparelTags>
    <apparelRequired>
      <li>CP_ABodySuit</li>
      <li>Apparel_CapA</li>
      <li>Apparel_VestA</li>
    </apparelRequired>
    <weaponTags>
      <li>Arasaka</li>
    </weaponTags>
  </PawnKindDef>

  <PawnKindDef ParentName="Soldier">
    <defaultFactionType>Arasaka</defaultFactionType>
    <defName>SoldierA</defName>
    <apparelTags>
      <li>Arasaka</li>
    </apparelTags>
    <apparelRequired>
      <li>CP_AA_Pants</li>
      <li>CP_AA_Jacket</li>
      <li>CP_Arasaka_Helmet</li>
    </apparelRequired>
    <weaponTags>
      <li>Arasaka</li>
    </weaponTags>
  </PawnKindDef>

  <PawnKindDef ParentName="Sniper">
    <defaultFactionType>Arasaka</defaultFactionType>
    <defName>SniperA</defName>
    <apparelTags>
      <li>Arasaka</li>
    </apparelTags>
    <apparelRequired>
      <li>CP_AA_Pants</li>
      <li>CP_AA_Jacket</li>
      <li>CP_Arasaka_Helmet</li>
    </apparelRequired>
    <weaponTags>
      <li>ArasakaSniper</li>
    </weaponTags>
  </PawnKindDef>

  <PawnKindDef ParentName="SpecOps">
    <defaultFactionType>Arasaka</defaultFactionType>
    <defName>SpecOpsA</defName>
    <apparelTags>
      <li>Arasaka</li>
    </apparelTags>
    <apparelRequired>
      <li>CP_AA_Pants</li>
      <li>CP_AA_Jacket</li>
      <li>CP_Arasaka_Helmet</li>
    </apparelRequired>
    <weaponTags>
      <li>ArasakaSniper</li>
      <li>Arasaka</li>
    </weaponTags>
    <combatEnhancingDrugsCount>
      <min>1</min>
      <max>2</max>
    </combatEnhancingDrugsCount>
  </PawnKindDef>

  <PawnKindDef ParentName="Heavy">
    <defaultFactionType>Arasaka</defaultFactionType>
    <defName>HeavyA</defName>
    <apparelTags>
      <li>Arasaka</li>
    </apparelTags>
    <apparelRequired>
      <li>CP_AA_Pants</li>
      <li>CP_AA_Jacket</li>
      <li>CP_Arasaka_Helmet</li>
    </apparelRequired>
    <weaponTags>
      <li>ArasakaHeavy</li>
      <li>GrenadeDestructive</li>
    </weaponTags>
  </PawnKindDef>

  <PawnKindDef ParentName="Soldier">
    <defaultFactionType>Arasaka</defaultFactionType>
    <defName>MeleeA</defName>
    <apparelTags>
      <li>Arasaka</li>
    </apparelTags>
    <apparelRequired>
      <li>CP_AA_Pants</li>
      <li>CP_AA_Jacket</li>
      <li>CP_Arasaka_Helmet</li>
      <li>Apparel_ShieldBelt</li>
    </apparelRequired>
    <weaponTags>
      <li>ArasakaMelee</li>
    </weaponTags>
    <weaponMoney>
      <min>1200</min>
      <max>2000</max>
    </weaponMoney>
    <techHediffsMoney>
      <min>2000</min>
      <max>3000</max>
    </techHediffsMoney>
    <techHediffsChance>0.3</techHediffsChance>
  </PawnKindDef>

</Defs>
