﻿<?xml version="1.0" encoding="utf-8" ?>
<Defs>

  <PawnKindDef ParentName="Staff">
    <defaultFactionType>Militech</defaultFactionType>
    <defName>StaffM</defName>
    <apparelTags>
      <li>Militech</li>
    </apparelTags>
    <weaponTags>
      <li>Militech</li>
    </weaponTags>
  </PawnKindDef>

  <PawnKindDef ParentName="Executive">
    <defaultFactionType>Militech</defaultFactionType>
    <defName>ExecutiveM</defName>
    <apparelTags>
      <li>Militech</li>
    </apparelTags>
    <weaponTags>
      <li>Militech</li>
    </weaponTags>
  </PawnKindDef>

  <PawnKindDef ParentName="CorpTrader">
    <defaultFactionType>Militech</defaultFactionType>
    <defName>CorpTraderM</defName>
    <apparelTags>
      <li>Militech</li>
    </apparelTags>
  </PawnKindDef>

  <PawnKindDef ParentName="CorpGuard">
    <defaultFactionType>Militech</defaultFactionType>
    <defName>CorpGuardM</defName>
    <apparelTags>
      <li>Militech</li>
    </apparelTags>
    <apparelRequired>
      <li>CP_MBodySuit</li>
    </apparelRequired>
    <weaponTags>
      <li>Militech</li>
    </weaponTags>
    <inventoryOptions>
      <skipChance>0.75</skipChance>
      <subOptionsTakeAll>
        <li>
          <subOptionsChooseOne>
            <li>
              <choiceChance>33</choiceChance>
              <thingDef>Gun_MAA_CP</thingDef>
              <countRange>
                <min>1</min>
                <max>1</max>
              </countRange>
            </li>
            <li>
              <choiceChance>33</choiceChance>
              <thingDef>Gun_MV_CP</thingDef>
              <countRange>
                <min>1</min>
                <max>1</max>
              </countRange>
            </li>
            <li>
              <choiceChance>33</choiceChance>
              <thingDef>Gun_MCSSG_CP</thingDef>
              <countRange>
                <min>1</min>
                <max>1</max>
              </countRange>
            </li>
          </subOptionsChooseOne>
        </li>
        <li>
          <subOptionsChooseOne>
            <li>
              <choiceChance>33</choiceChance>
              <thingDef>Apparel_CapM</thingDef>
              <countRange>
                <min>1</min>
                <max>1</max>
              </countRange>
            </li>
            <li>
              <choiceChance>33</choiceChance>
              <thingDef>Apparel_BeretM</thingDef>
              <countRange>
                <min>1</min>
                <max>1</max>
              </countRange>
            </li>
            <li>
              <choiceChance>33</choiceChance>
              <thingDef>CP_MM88_Helmet</thingDef>
              <countRange>
                <min>1</min>
                <max>1</max>
              </countRange>
            </li>
          </subOptionsChooseOne>
        </li>
      </subOptionsTakeAll>
    </inventoryOptions>
  </PawnKindDef>

  <PawnKindDef ParentName="Soldier">
    <defaultFactionType>Militech</defaultFactionType>
    <defName>SoldierM</defName>
    <apparelTags>
      <li>Militech</li>
    </apparelTags>
    <apparelRequired>
      <li>CP_MBodySuit</li>
      <li>Apparel_CapM</li>
    </apparelRequired>
    <weaponTags>
      <li>Militech</li>
    </weaponTags>
  </PawnKindDef>

  <PawnKindDef ParentName="Officer">
    <defaultFactionType>Militech</defaultFactionType>
    <defName>OfficerM</defName>
    <apparelTags>
      <li>Militech</li>
    </apparelTags>
    <apparelRequired>
      <li>CP_MBodySuit</li>
      <li>Apparel_CapM</li>
    </apparelRequired>
    <weaponTags>
      <li>Militech</li>
    </weaponTags>
  </PawnKindDef>

  <PawnKindDef ParentName="SpecOps">
    <defaultFactionType>Militech</defaultFactionType>
    <defName>SpecOpsM</defName>
    <apparelTags>
      <li>Militech</li>
    </apparelTags>
    <weaponTags>
      <li>MilitechSniper</li>
      <li>Militech</li>
    </weaponTags>
    <combatEnhancingDrugsCount>
      <min>1</min>
      <max>2</max>
    </combatEnhancingDrugsCount>
  </PawnKindDef>

  <PawnKindDef ParentName="Sniper">
    <defaultFactionType>Militech</defaultFactionType>
    <defName>SniperM</defName>
    <apparelTags>
      <li>Militech</li>
    </apparelTags>
    <apparelRequired>
      <li>CP_MA_Pants</li>
    </apparelRequired>
    <weaponTags>
      <li>MilitechSniper</li>
    </weaponTags>
  </PawnKindDef>

  <PawnKindDef ParentName="Heavy">
    <defaultFactionType>Militech</defaultFactionType>
    <defName>HeavyM</defName>
    <apparelTags>
      <li>Militech</li>
    </apparelTags>
    <apparelRequired>
      <li>CP_MBodySuit</li>
      <li>Apparel_CapM</li>
    </apparelRequired>
    <weaponTags>
      <li>MilitechHeavy</li>
      <li>GrenadeDestructive</li>
    </weaponTags>
  </PawnKindDef>

</Defs>
